Metric,5_steps_mean,5_steps_std,5_steps_max,10_steps_mean,10_steps_std,10_steps_max,20_steps_mean,20_steps_std,20_steps_max,30_steps_mean,30_steps_std,30_steps_max,40_steps_mean,40_steps_std,40_steps_max,50_steps_mean,50_steps_std,50_steps_max,60_steps_mean,60_steps_std,60_steps_max,70_steps_mean,70_steps_std,70_steps_max,80_steps_mean,80_steps_std,80_steps_max,90_steps_mean,90_steps_std,90_steps_max,100_steps_mean,100_steps_std,100_steps_max
Position,0.0017871144,0.0020936613,0.009109188,0.007775743,0.009071327,0.043732215,0.03116899,0.03574127,0.1908922,0.068539634,0.07727618,0.43904972,0.11853599,0.13166648,0.7833982,0.18020083,0.19676168,1.2150913,0.25349194,0.27137324,1.6523042,0.336362,0.35368222,2.0332751,0.4291001,0.4426001,2.4238427,0.5320779,0.5389599,2.7486532,0.642024,0.64099216,3.1429625
Velocity,0.110864215,0.10682895,0.4422843,0.2386731,0.21249826,0.98274213,0.4781067,0.4025747,2.0230348,0.7050455,0.5712535,3.0265234,0.9196007,0.7229959,3.9736874,1.120668,0.8595159,4.677825,1.3136274,0.9808729,5.020506,1.4956045,1.0877352,5.230009,1.6641972,1.1750456,5.468088,1.8243675,1.2545252,5.997967,1.975053,1.3304241,6.595777
