Metric,5_steps_mean,5_steps_std,5_steps_max,10_steps_mean,10_steps_std,10_steps_max,20_steps_mean,20_steps_std,20_steps_max,30_steps_mean,30_steps_std,30_steps_max,40_steps_mean,40_steps_std,40_steps_max,50_steps_mean,50_steps_std,50_steps_max,60_steps_mean,60_steps_std,60_steps_max,70_steps_mean,70_steps_std,70_steps_max,80_steps_mean,80_steps_std,80_steps_max,90_steps_mean,90_steps_std,90_steps_max,100_steps_mean,100_steps_std,100_steps_max
Position,0.0003785924090341351,0.0010888207771874952,0.014485188158955564,0.002869031120569965,0.006471150415606849,0.0714727939265941,0.020048600914651955,0.035861033126890554,0.3233769812176286,0.05985259601109243,0.09562064261177561,0.7953056194913579,0.12564801109787663,0.18765505674085017,1.3877654125345047,0.2194560084086193,0.31252430425035815,2.376302498820187,0.3423632148615068,0.4688023399925227,3.731397062177736,0.4943609920332599,0.6544288472857608,5.303020564188767,0.6754824150452424,0.8687640598374948,7.01249855428522,0.8863483268358312,1.1120749909719232,8.789659259421386,1.127710078524119,1.384650059503124,10.603846523313866
Velocity,0.030057990478354637,0.0714357779422384,0.7395267343439687,0.11247285409214465,0.20050155576746792,1.6536352349851737,0.3847603405018774,0.5367031466654113,4.261780915760143,0.7458473434116769,0.9280678034664949,6.154335810555347,1.1464423035840325,1.3276640938659545,9.313038018464173,1.5682376186819245,1.7152902053391517,12.56884385041364,2.0002212964850115,2.080060380844337,15.39130024420969,2.4343380168424007,2.424815472656059,17.465315751560993,2.8725572628197753,2.7578829832332064,20.126235041834757,3.317947266649594,3.0856091023600754,22.89091660645969,3.769611301948745,3.410632270315539,25.130139421708193
