Metric,5_steps_mean,5_steps_std,5_steps_max,10_steps_mean,10_steps_std,10_steps_max,20_steps_mean,20_steps_std,20_steps_max,30_steps_mean,30_steps_std,30_steps_max,40_steps_mean,40_steps_std,40_steps_max,50_steps_mean,50_steps_std,50_steps_max,60_steps_mean,60_steps_std,60_steps_max,70_steps_mean,70_steps_std,70_steps_max,80_steps_mean,80_steps_std,80_steps_max,90_steps_mean,90_steps_std,90_steps_max,100_steps_mean,100_steps_std,100_steps_max
Position,1.760313,1.0620742,5.12215,1.7584041,1.0675646,5.12215,1.7614961,1.0724353,5.236334,1.7696866,1.0854332,5.404275,1.784953,1.0917028,5.5822144,1.8108541,1.0991405,5.724286,1.8461565,1.1065685,5.939303,1.8916962,1.1189557,5.949977,1.9467543,1.1370014,5.996587,2.008903,1.1612353,6.0482206,2.0753884,1.191144,6.2961116
Velocity,1.6756203,1.1164479,4.8184676,1.7077163,1.1115094,4.9544578,1.8159893,1.1299161,5.380059,1.9447387,1.1725047,5.998494,2.0777547,1.2300714,7.0146203,2.2098422,1.2911814,7.9046936,2.333716,1.3471487,8.189763,2.447268,1.3986903,8.196275,2.5489478,1.4447306,8.507766,2.635151,1.4832624,8.507766,2.7063527,1.5156826,8.616173
